time_s,indoor_temperature_c
0,30.0
3600,19.256907
7200,14.284516
10800,11.983068
14400,10.917854
18000,10.424824
21600,10.196628
25200,10.091008
28800,10.042123
32400,10.019496
36000,10.009024
39600,10.004177
43200,10.001933
46800,10.000895
50400,10.000414
54000,10.000192
57600,10.000089
61200,10.000041
64800,10.000019
68400,10.000009
72000,10.000004
75600,10.000002
79200,10.000001
82800,10.0
86400,10.0
90000,10.0
93600,10.0
97200,10.0
100800,10.0
104400,10.0
108000,10.0
111600,10.0
115200,10.0
118800,10.0
122400,10.0
126000,10.0
129600,10.0
133200,10.0
136800,10.0
140400,10.0
144000,10.0
147600,10.0
151200,10.0
154800,10.0
158400,10.0
162000,10.0
165600,10.0
169200,10.0
172800,10.0
176400,10.0
180000,10.0
183600,10.0
187200,10.0
190800,10.0
194400,10.0
198000,10.0
201600,10.0
205200,10.0
208800,10.0
212400,10.0
216000,10.0
219600,10.0
223200,10.0
226800,10.0
230400,10.0
234000,10.0
237600,10.0
241200,10.0
244800,10.0
248400,10.0
252000,10.0
255600,10.0
259200,10.0
